packet_code,completeness_1to5,accuracy_1to5,actionability_1to5,notable_issues
REG-005,,,,
REG-037,,,,
REG-001,,,,
REG-010,,,,
REG-020,,,,
REG-034,,,,
REG-022,,,,
REG-040,,,,
REG-044,,,,
REG-024,,,,
REG-023,,,,
REG-025,,,,
REG-036,,,,
REG-016,,,,
REG-032,,,,
REG-041,,,,
REG-038,,,,
REG-013,,,,
REG-042,,,,
REG-017,,,,
REG-008,,,,
REG-033,,,,
REG-009,,,,
REG-018,,,,
REG-006,,,,
REG-035,,,,
REG-039,,,,
REG-027,,,,
REG-015,,,,
REG-011,,,,
REG-019,,,,
REG-004,,,,
REG-014,,,,
REG-045,,,,
REG-028,,,,
REG-012,,,,
REG-002,,,,
REG-031,,,,
REG-029,,,,
REG-007,,,,
REG-026,,,,
REG-003,,,,
REG-043,,,,
REG-021,,,,
REG-030,,,,
